geo,name,1987,1988,1989,1990,1991,1992,1993,1994,1995,1996,1997,1998,1999,2000,2001,2002,2003,2004,2005,2006,2007,2008,2009,2010,2011,2012,2013,2014,2015,2016,2017,2018,2019,2020,2021,2022,2023,2024
afg,Afghanistan,Low income,Low income,Low income,Low income,Low income,Low income,Low income,Low income,Low income,Low income,Low income,Low income,Low income,Low income,Low income,Low income,Low income,Low income,Low income,Low income,Low income,Low income,Low income,Low income,Low income,Low income,Low income,Low income,Low income,Low income,Low income,Low income,Low income,Low income,Low income,Low income,Low income,Low income
ago,Angola,Lower middle income,Lower middle income,Lower middle income,Lower middle income,Lower middle income,Lower middle income,Lower middle income,Lower middle income,Low income,Low income,Low income,Low income,Low income,Low income,Low income,Low income,Low income,Lower middle income,Lower middle income,Lower middle income,Lower middle income,Lower middle income,Lower middle income,Lower middle income,Upper middle income,Upper middle income,Upper middle income,Upper middle income,Upper middle income,Lower middle income,Lower middle income,Lower middle income,Lower middle income,Lower middle income,Lower middle income,Lower middle income,Lower middle income,Lower middle income
alb,Albania,Lower middle income,Lower middle income,Lower middle income,Lower middle income,Lower middle income,Lower middle income,Low income,Low income,Low income,Lower middle income,Low income,Lower middle income,Lower middle income,Lower middle income,Lower middle income,Lower middle income,Lower middle income,Lower middle income,Lower middle income,Lower middle income,Lower middle income,Lower middle income,Upper middle income,Upper middle income,Lower middle income,Upper middle income,Upper middle income,Upper middle income,Upper middle income,Upper middle income,Upper middle income,Upper middle income,Upper middle income,Upper middle income,Upper middle income,Upper middle income,Upper middle income,Upper middle income
and,Andorra,High income,High income,High income,High income,High income,High income,High income,High income,High income,High income,High income,High income,High income,High income,High income,High income,High income,High income,High income,High income,High income,High income,High income,High income,High income,High income,High income,High income,High income,High income,High income,High income,High income,High income,High income,High income,High income,High income
are,UAE,High income,High income,High income,High income,High income,High income,High income,High income,High income,High income,High income,High income,High income,High income,High income,High income,High income,High income,High income,High income,High income,High income,High income,High income,High income,High income,High income,High income,High income,High income,High income,High income,High income,High income,High income,High income,High income,High income
arg,Argentina,Upper middle income,Upper middle income,Lower middle income,Lower middle income,Upper middle income,Upper middle income,Upper middle income,Upper middle income,Upper middle income,Upper middle income,Upper middle income,Upper middle income,Upper middle income,Upper middle income,Upper middle income,Upper middle income,Upper middle income,Upper middle income,Upper middle income,Upper middle income,Upper middle income,Upper middle income,Upper middle income,Upper middle income,Upper middle income,Upper middle income,Upper middle income,High income,Upper middle income,Upper middle income,High income,Upper middle income,Upper middle income,Upper middle income,Upper middle income,Upper middle income,Upper middle income,Upper middle income
arm,Armenia,Lower middle income,Lower middle income,Lower middle income,Lower middle income,Lower middle income,Lower middle income,Low income,Low income,Low income,Low income,Low income,Low income,Low income,Low income,Low income,Lower middle income,Lower middle income,Lower middle income,Lower middle income,Lower middle income,Lower middle income,Lower middle income,Lower middle income,Lower middle income,Lower middle income,Lower middle income,Lower middle income,Lower middle income,Lower middle income,Lower middle income,Upper middle income,Upper middle income,Upper middle income,Upper middle income,Upper middle income,Upper middle income,Upper middle income,Upper middle income
atg,Antigua and Barbuda,Upper middle income,Upper middle income,Upper middle income,Upper middle income,Upper middle income,Upper middle income,Upper middle income,Upper middle income,Upper middle income,Upper middle income,Upper middle income,Upper middle income,Upper middle income,Upper middle income,Upper middle income,High income,Upper middle income,Upper middle income,High income,High income,High income,High income,Upper middle income,Upper middle income,Upper middle income,High income,High income,High income,High income,High income,High income,High income,High income,High income,High income,High income,High income,High income
aus,Australia,High income,High income,High income,High income,High income,High income,High income,High income,High income,High income,High income,High income,High income,High income,High income,High income,High income,High income,High income,High income,High income,High income,High income,High income,High income,High income,High income,High income,High income,High income,High income,High income,High income,High income,High income,High income,High income,High income
aut,Austria,High income,High income,High income,High income,High income,High income,High income,High income,High income,High income,High income,High income,High income,High income,High income,High income,High income,High income,High income,High income,High income,High income,High income,High income,High income,High income,High income,High income,High income,High income,High income,High income,High income,High income,High income,High income,High income,High income
aze,Azerbaijan,Lower middle income,Lower middle income,Lower middle income,Lower middle income,Lower middle income,Lower middle income,Lower middle income,Low income,Low income,Low income,Low income,Low income,Low income,Low income,Low income,Low income,Lower middle income,Lower middle income,Lower middle income,Lower middle income,Lower middle income,Lower middle income,Upper middle income,Upper middle income,Upper middle income,Upper middle income,Upper middle income,Upper middle income,Upper middle income,Upper middle income,Upper middle income,Upper middle income,Upper middle income,Upper middle income,Upper middle income,Upper middle income,Upper middle income,Upper middle income
bdi,Burundi,Low income,Low income,Low income,Low income,Low income,Low income,Low income,Low income,Low income,Low income,Low income,Low income,Low income,Low income,Low income,Low income,Low income,Low income,Low income,Low income,Low income,Low income,Low income,Low income,Low income,Low income,Low income,Low income,Low income,Low income,Low income,Low income,Low income,Low income,Low income,Low income,Low income,Low income
bel,Belgium,High income,High income,High income,High income,High income,High income,High income,High income,High income,High income,High income,High income,High income,High income,High income,High income,High income,High income,High income,High income,High income,High income,High income,High income,High income,High income,High income,High income,High income,High income,High income,High income,High income,High income,High income,High income,High income,High income
ben,Benin,Low income,Low income,Low income,Low income,Low income,Low income,Low income,Low income,Low income,Low income,Low income,Low income,Low income,Low income,Low income,Low income,Low income,Low income,Low income,Low income,Low income,Low income,Low income,Low income,Low income,Low income,Low income,Low income,Low income,Low income,Low income,Low income,Lower middle income,Lower middle income,Lower middle income,Lower middle income,Lower middle income,Lower middle income
bfa,Burkina Faso,Low income,Low income,Low income,Low income,Low income,Low income,Low income,Low income,Low income,Low income,Low income,Low income,Low income,Low income,Low income,Low income,Low income,Low income,Low income,Low income,Low income,Low income,Low income,Low income,Low income,Low income,Low income,Low income,Low income,Low income,Low income,Low income,Low income,Low income,Low income,Low income,Low income,Low income
bgd,Bangladesh,Low income,Low income,Low income,Low income,Low income,Low income,Low income,Low income,Low income,Low income,Low income,Low income,Low income,Low income,Low income,Low income,Low income,Low income,Low income,Low income,Low income,Low income,Low income,Low income,Low income,Low income,Low income,Lower middle income,Lower middle income,Lower middle income,Lower middle income,Lower middle income,Lower middle income,Lower middle income,Lower middle income,Lower middle income,Lower middle income,Lower middle income
bgr,Bulgaria,Lower middle income,Lower middle income,Lower middle income,Lower middle income,Lower middle income,Lower middle income,Lower middle income,Lower middle income,Lower middle income,Lower middle income,Lower middle income,Lower middle income,Lower middle income,Lower middle income,Lower middle income,Lower middle income,Lower middle income,Lower middle income,Lower middle income,Upper middle income,Upper middle income,Upper middle income,Upper middle income,Upper middle income,Upper middle income,Upper middle income,Upper middle income,Upper middle income,Upper middle income,Upper middle income,Upper middle income,Upper middle income,Upper middle income,Upper middle income,Upper middle income,Upper middle income,High income,High income
bhr,Bahrain,High income,High income,High income,Upper middle income,Upper middle income,Upper middle income,Upper middle income,Upper middle income,Upper middle income,Upper middle income,Upper middle income,Upper middle income,Upper middle income,Upper middle income,High income,High income,High income,High income,High income,High income,High income,High income,High income,High income,High income,High income,High income,High income,High income,High income,High income,High income,High income,High income,High income,High income,High income,High income
bhs,Bahamas,High income,High income,High income,High income,High income,High income,High income,High income,High income,High income,High income,High income,High income,High income,High income,High income,High income,High income,High income,High income,High income,High income,High income,High income,High income,High income,High income,High income,High income,High income,High income,High income,High income,High income,High income,High income,High income,High income
bih,Bosnia and Herzegovina,Lower middle income,Lower middle income,Lower middle income,Lower middle income,Lower middle income,Lower middle income,Low income,Low income,Low income,Low income,Low income,Lower middle income,Lower middle income,Lower middle income,Lower middle income,Lower middle income,Lower middle income,Lower middle income,Lower middle income,Lower middle income,Lower middle income,Upper middle income,Upper middle income,Upper middle income,Upper middle income,Upper middle income,Upper middle income,Upper middle income,Upper middle income,Upper middle income,Upper middle income,Upper middle income,Upper middle income,Upper middle income,Upper middle income,Upper middle income,Upper middle income,Upper middle income
blr,Belarus,Upper middle income,Upper middle income,Upper middle income,Upper middle income,Upper middle income,Upper middle income,Upper middle income,Lower middle income,Lower middle income,Lower middle income,Lower middle income,Lower middle income,Lower middle income,Lower middle income,Lower middle income,Lower middle income,Lower middle income,Lower middle income,Lower middle income,Lower middle income,Upper middle income,Upper middle income,Upper middle income,Upper middle income,Upper middle income,Upper middle income,Upper middle income,Upper middle income,Upper middle income,Upper middle income,Upper middle income,Upper middle income,Upper middle income,Upper middle income,Upper middle income,Upper middle income,Upper middle income,Upper middle income
blz,Belize,Lower middle income,Lower middle income,Lower middle income,Lower middle income,Lower middle income,Lower middle income,Lower middle income,Lower middle income,Lower middle income,Lower middle income,Lower middle income,Lower middle income,Lower middle income,Lower middle income,Lower middle income,Upper middle income,Upper middle income,Upper middle income,Upper middle income,Upper middle income,Upper middle income,Lower middle income,Lower middle income,Lower middle income,Lower middle income,Upper middle income,Upper middle income,Upper middle income,Upper middle income,Upper middle income,Upper middle income,Upper middle income,Upper middle income,Lower middle income,Upper middle income,Upper middle income,Upper middle income,Upper middle income
bol,Bolivia,Lower middle income,Lower middle income,Lower middle income,Lower middle income,Lower middle income,Lower middle income,Lower middle income,Lower middle income,Lower middle income,Lower middle income,Lower middle income,Lower middle income,Lower middle income,Lower middle income,Lower middle income,Lower middle income,Lower middle income,Lower middle income,Lower middle income,Lower middle income,Lower middle income,Lower middle income,Lower middle income,Lower middle income,Lower middle income,Lower middle income,Lower middle income,Lower middle income,Lower middle income,Lower middle income,Lower middle income,Lower middle income,Lower middle income,Lower middle income,Lower middle income,Lower middle income,Lower middle income,Lower middle income
bra,Brazil,Upper middle income,Lower middle income,Upper middle income,Upper middle income,Upper middle income,Upper middle income,Upper middle income,Upper middle income,Upper middle income,Upper middle income,Upper middle income,Upper middle income,Upper middle income,Upper middle income,Upper middle income,Lower middle income,Lower middle income,Lower middle income,Lower middle income,Upper middle income,Upper middle income,Upper middle income,Upper middle income,Upper middle income,Upper middle income,Upper middle income,Upper middle income,Upper middle income,Upper middle income,Upper middle income,Upper middle income,Upper middle income,Upper middle income,Upper middle income,Upper middle income,Upper middle income,Upper middle income,Upper middle income
brb,Barbados,Upper middle income,Upper middle income,High income,Upper middle income,Upper middle income,Upper middle income,Upper middle income,Upper middle income,Upper middle income,Upper middle income,Upper middle income,Upper middle income,Upper middle income,High income,Upper middle income,High income,Upper middle income,Upper middle income,Upper middle income,High income,High income,High income,High income,High income,High income,High income,High income,High income,High income,High income,High income,High income,High income,High income,High income,High income,High income,High income
brn,Brunei,High income,High income,High income,High income,High income,High income,High income,High income,High income,High income,High income,High income,High income,High income,High income,High income,High income,High income,High income,High income,High income,High income,High income,High income,High income,High income,High income,High income,High income,High income,High income,High income,High income,High income,High income,High income,High income,High income
btn,Bhutan,Low income,Low income,Low income,Low income,Low income,Low income,Low income,Low income,Low income,Low income,Low income,Low income,Low income,Low income,Low income,Low income,Low income,Low income,Low income,Lower middle income,Lower middle income,Lower middle income,Lower middle income,Lower middle income,Lower middle income,Lower middle income,Lower middle income,Lower middle income,Lower middle income,Lower middle income,Lower middle income,Lower middle income,Lower middle income,Lower middle income,Lower middle income,Lower middle income,Lower middle income,Lower middle income
bwa,Botswana,Lower middle income,Lower middle income,Lower middle income,Lower middle income,Upper middle income,Upper middle income,Lower middle income,Lower middle income,Lower middle income,Lower middle income,Upper middle income,Upper middle income,Upper middle income,Upper middle income,Upper middle income,Upper middle income,Upper middle income,Upper middle income,Upper middle income,Upper middle income,Upper middle income,Upper middle income,Upper middle income,Upper middle income,Upper middle income,Upper middle income,Upper middle income,Upper middle income,Upper middle income,Upper middle income,Upper middle income,Upper middle income,Upper middle income,Upper middle income,Upper middle income,Upper middle income,Upper middle income,Upper middle income
caf,Central African Republic,Low income,Low income,Low income,Low income,Low income,Low income,Low income,Low income,Low income,Low income,Low income,Low income,Low income,Low income,Low income,Low income,Low income,Low income,Low income,Low income,Low income,Low income,Low income,Low income,Low income,Low income,Low income,Low income,Low income,Low income,Low income,Low income,Low income,Low income,Low income,Low income,Low income,Low income
can,Canada,High income,High income,High income,High income,High income,High income,High income,High income,High income,High income,High income,High income,High income,High income,High income,High income,High income,High income,High income,High income,High income,High income,High income,High income,High income,High income,High income,High income,High income,High income,High income,High income,High income,High income,High income,High income,High income,High income
che,Switzerland,High income,High income,High income,High income,High income,High income,High income,High income,High income,High income,High income,High income,High income,High income,High income,High income,High income,High income,High income,High income,High income,High income,High income,High income,High income,High income,High income,High income,High income,High income,High income,High income,High income,High income,High income,High income,High income,High income
chl,Chile,Lower middle income,Lower middle income,Lower middle income,Lower middle income,Lower middle income,Lower middle income,Upper middle income,Upper middle income,Upper middle income,Upper middle income,Upper middle income,Upper middle income,Upper middle income,Upper middle income,Upper middle income,Upper middle income,Upper middle income,Upper middle income,Upper middle income,Upper middle income,Upper middle income,Upper middle income,Upper middle income,Upper middle income,Upper middle income,High income,High income,High income,High income,High income,High income,High income,High income,High income,High income,High income,High income,High income
chn,China,Low income,Low income,Low income,Low income,Low income,Low income,Low income,Low income,Low income,Low income,Lower middle income,Low income,Lower middle income,Lower middle income,Lower middle income,Lower middle income,Lower middle income,Lower middle income,Lower middle income,Lower middle income,Lower middle income,Lower middle income,Lower middle income,Upper middle income,Upper middle income,Upper middle income,Upper middle income,Upper middle income,Upper middle income,Upper middle income,Upper middle income,Upper middle income,Upper middle income,Upper middle income,Upper middle income,Upper middle income,Upper middle income,Upper middle income
civ,Cote d'Ivoire,Lower middle income,Lower middle income,Lower middle income,Lower middle income,Lower middle income,Lower middle income,Low income,Low income,Low income,Low income,Low income,Low income,Low income,Low income,Low income,Low income,Low income,Low income,Low income,Low income,Low income,Lower middle income,Lower middle income,Lower middle income,Lower middle income,Lower middle income,Lower middle income,Lower middle income,Lower middle income,Lower middle income,Lower middle income,Lower middle income,Lower middle income,Lower middle income,Lower middle income,Lower middle income,Lower middle income,Lower middle income
cmr,Cameroon,Lower middle income,Lower middle income,Lower middle income,Lower middle income,Lower middle income,Lower middle income,Lower middle income,Low income,Low income,Low income,Low income,Low income,Low income,Low income,Low income,Low income,Low income,Low income,Lower middle income,Lower middle income,Lower middle income,Lower middle income,Lower middle income,Lower middle income,Lower middle income,Lower middle income,Lower middle income,Lower middle income,Lower middle income,Lower middle income,Lower middle income,Lower middle income,Lower middle income,Lower middle income,Lower middle income,Lower middle income,Lower middle income,Lower middle income
cod,"Congo, Dem. Rep.",Low income,Low income,Low income,Low income,Low income,Low income,Low income,Low income,Low income,Low income,Low income,Low income,Low income,Low income,Low income,Low income,Low income,Low income,Low income,Low income,Low income,Low income,Low income,Low income,Low income,Low income,Low income,Low income,Low income,Low income,Low income,Low income,Low income,Low income,Low income,Low income,Low income,Low income
cog,"Congo, Rep.",Lower middle income,Lower middle income,Lower middle income,Lower middle income,Lower middle income,Lower middle income,Lower middle income,Low income,Low income,Low income,Low income,Low income,Low income,Low income,Low income,Low income,Low income,Low income,Lower middle income,Lower middle income,Lower middle income,Lower middle income,Lower middle income,Lower middle income,Lower middle income,Lower middle income,Lower middle income,Lower middle income,Lower middle income,Lower middle income,Lower middle income,Lower middle income,Lower middle income,Lower middle income,Lower middle income,Lower middle income,Lower middle income,Lower middle income
col,Colombia,Lower middle income,Lower middle income,Lower middle income,Lower middle income,Lower middle income,Lower middle income,Lower middle income,Lower middle income,Lower middle income,Lower middle income,Lower middle income,Lower middle income,Lower middle income,Lower middle income,Lower middle income,Lower middle income,Lower middle income,Lower middle income,Lower middle income,Lower middle income,Lower middle income,Upper middle income,Upper middle income,Upper middle income,Upper middle income,Upper middle income,Upper middle income,Upper middle income,Upper middle income,Upper middle income,Upper middle income,Upper middle income,Upper middle income,Upper middle income,Upper middle income,Upper middle income,Upper middle income,Upper middle income
com,Comoros,Low income,Low income,Low income,Low income,Low income,Low income,Low income,Low income,Low income,Low income,Low income,Low income,Low income,Low income,Low income,Low income,Low income,Low income,Low income,Low income,Low income,Low income,Low income,Low income,Low income,Low income,Low income,Low income,Low income,Low income,Low income,Lower middle income,Lower middle income,Lower middle income,Lower middle income,Lower middle income,Lower middle income,Lower middle income
cpv,Cape Verde,Lower middle income,Lower middle income,Lower middle income,Lower middle income,Lower middle income,Lower middle income,Lower middle income,Lower middle income,Lower middle income,Lower middle income,Lower middle income,Lower middle income,Lower middle income,Lower middle income,Lower middle income,Lower middle income,Lower middle income,Lower middle income,Lower middle income,Lower middle income,Lower middle income,Lower middle income,Lower middle income,Lower middle income,Lower middle income,Lower middle income,Lower middle income,Lower middle income,Lower middle income,Lower middle income,Lower middle income,Lower middle income,Lower middle income,Lower middle income,Lower middle income,Lower middle income,Lower middle income,Upper middle income
cri,Costa Rica,Lower middle income,Lower middle income,Lower middle income,Lower middle income,Lower middle income,Lower middle income,Lower middle income,Lower middle income,Lower middle income,Lower middle income,Lower middle income,Lower middle income,Lower middle income,Upper middle income,Upper middle income,Upper middle income,Upper middle income,Upper middle income,Upper middle income,Upper middle income,Upper middle income,Upper middle income,Upper middle income,Upper middle income,Upper middle income,Upper middle income,Upper middle income,Upper middle income,Upper middle income,Upper middle income,Upper middle income,Upper middle income,Upper middle income,Upper middle income,Upper middle income,Upper middle income,Upper middle income,High income
cub,Cuba,Lower middle income,Lower middle income,Lower middle income,Lower middle income,Lower middle income,Lower middle income,Lower middle income,Lower middle income,Lower middle income,Lower middle income,Lower middle income,Lower middle income,Lower middle income,Lower middle income,Lower middle income,Lower middle income,Lower middle income,Lower middle income,Lower middle income,Lower middle income,Upper middle income,Upper middle income,Upper middle income,Upper middle income,Upper middle income,Upper middle income,Upper middle income,Upper middle income,Upper middle income,Upper middle income,Upper middle income,Upper middle income,Upper middle income,Upper middle income,Upper middle income,Upper middle income,Upper middle income,Upper middle income
cyp,Cyprus,Upper middle income,High income,High income,High income,High income,High income,High income,High income,High income,High income,High income,High income,High income,High income,High income,High income,High income,High income,High income,High income,High income,High income,High income,High income,High income,High income,High income,High income,High income,High income,High income,High income,High income,High income,High income,High income,High income,High income
cze,Czech Republic,Lower middle income,Lower middle income,Lower middle income,Lower middle income,Lower middle income,Lower middle income,Lower middle income,Upper middle income,Upper middle income,Upper middle income,Upper middle income,Upper middle income,Upper middle income,Upper middle income,Upper middle income,Upper middle income,Upper middle income,Upper middle income,Upper middle income,High income,High income,High income,High income,High income,High income,High income,High income,High income,High income,High income,High income,High income,High income,High income,High income,High income,High income,High income
deu,Germany,High income,High income,High income,High income,High income,High income,High income,High income,High income,High income,High income,High income,High income,High income,High income,High income,High income,High income,High income,High income,High income,High income,High income,High income,High income,High income,High income,High income,High income,High income,High income,High income,High income,High income,High income,High income,High income,High income
dji,Djibouti,Lower middle income,Lower middle income,Lower middle income,Lower middle income,Lower middle income,Lower middle income,Lower middle income,Lower middle income,Lower middle income,Lower middle income,Lower middle income,Lower middle income,Lower middle income,Lower middle income,Lower middle income,Lower middle income,Lower middle income,Lower middle income,Lower middle income,Lower middle income,Lower middle income,Lower middle income,Lower middle income,Lower middle income,Lower middle income,Lower middle income,Lower middle income,Lower middle income,Lower middle income,Lower middle income,Lower middle income,Lower middle income,Lower middle income,Lower middle income,Lower middle income,Lower middle income,Lower middle income,Lower middle income
dma,Dominica,Lower middle income,Lower middle income,Lower middle income,Lower middle income,Lower middle income,Lower middle income,Lower middle income,Lower middle income,Lower middle income,Lower middle income,Lower middle income,Lower middle income,Upper middle income,Upper middle income,Upper middle income,Upper middle income,Upper middle income,Upper middle income,Upper middle income,Upper middle income,Upper middle income,Upper middle income,Upper middle income,Upper middle income,Upper middle income,Upper middle income,Upper middle income,Upper middle income,Upper middle income,Upper middle income,Upper middle income,Upper middle income,Upper middle income,Upper middle income,Upper middle income,Upper middle income,Upper middle income,Upper middle income
dnk,Denmark,High income,High income,High income,High income,High income,High income,High income,High income,High income,High income,High income,High income,High income,High income,High income,High income,High income,High income,High income,High income,High income,High income,High income,High income,High income,High income,High income,High income,High income,High income,High income,High income,High income,High income,High income,High income,High income,High income
dom,Dominican Republic,Lower middle income,Lower middle income,Lower middle income,Lower middle income,Lower middle income,Lower middle income,Lower middle income,Lower middle income,Lower middle income,Lower middle income,Lower middle income,Lower middle income,Lower middle income,Lower middle income,Lower middle income,Lower middle income,Lower middle income,Lower middle income,Lower middle income,Lower middle income,Lower middle income,Upper middle income,Upper middle income,Upper middle income,Upper middle income,Upper middle income,Upper middle income,Upper middle income,Upper middle income,Upper middle income,Upper middle income,Upper middle income,Upper middle income,Upper middle income,Upper middle income,Upper middle income,Upper middle income,Upper middle income
dza,Algeria,Upper middle income,Upper middle income,Lower middle income,Lower middle income,Lower middle income,Lower middle income,Lower middle income,Lower middle income,Lower middle income,Lower middle income,Lower middle income,Lower middle income,Lower middle income,Lower middle income,Lower middle income,Lower middle income,Lower middle income,Lower middle income,Lower middle income,Lower middle income,Lower middle income,Upper middle income,Upper middle income,Upper middle income,Upper middle income,Upper middle income,Upper middle income,Upper middle income,Upper middle income,Upper middle income,Upper middle income,Upper middle income,Lower middle income,Lower middle income,Lower middle income,Lower middle income,Upper middle income,Upper middle income
ecu,Ecuador,Lower middle income,Lower middle income,Lower middle income,Lower middle income,Lower middle income,Lower middle income,Lower middle income,Lower middle income,Lower middle income,Lower middle income,Lower middle income,Lower middle income,Lower middle income,Lower middle income,Lower middle income,Lower middle income,Lower middle income,Lower middle income,Lower middle income,Lower middle income,Lower middle income,Lower middle income,Lower middle income,Upper middle income,Upper middle income,Upper middle income,Upper middle income,Upper middle income,Upper middle income,Upper middle income,Upper middle income,Upper middle income,Upper middle income,Upper middle income,Upper middle income,Upper middle income,Upper middle income,Upper middle income
egy,Egypt,Lower middle income,Lower middle income,Lower middle income,Low income,Low income,Low income,Low income,Low income,Lower middle income,Lower middle income,Lower middle income,Lower middle income,Lower middle income,Lower middle income,Lower middle income,Lower middle income,Lower middle income,Lower middle income,Lower middle income,Lower middle income,Lower middle income,Lower middle income,Lower middle income,Lower middle income,Lower middle income,Lower middle income,Lower middle income,Lower middle income,Lower middle income,Lower middle income,Lower middle income,Lower middle income,Lower middle income,Lower middle income,Lower middle income,Lower middle income,Lower middle income,Lower middle income
eri,Eritrea,Low income,Low income,Low income,Low income,Low income,Low income,Low income,Low income,Low income,Low income,Low income,Low income,Low income,Low income,Low income,Low income,Low income,Low income,Low income,Low income,Low income,Low income,Low income,Low income,Low income,Low income,Low income,Low income,Low income,Low income,Low income,Low income,Low income,Low income,Low income,Low income,Low income,Low income
esp,Spain,High income,High income,High income,High income,High income,High income,High income,High income,High income,High income,High income,High income,High income,High income,High income,High income,High income,High income,High income,High income,High income,High income,High income,High income,High income,High income,High income,High income,High income,High income,High income,High income,High income,High income,High income,High income,High income,High income
est,Estonia,Upper middle income,Upper middle income,Upper middle income,Upper middle income,Upper middle income,Upper middle income,Upper middle income,Lower middle income,Lower middle income,Lower middle income,Upper middle income,Upper middle income,Upper middle income,Upper middle income,Upper middle income,Upper middle income,Upper middle income,Upper middle income,Upper middle income,High income,High income,High income,High income,High income,High income,High income,High income,High income,High income,High income,High income,High income,High income,High income,High income,High income,High income,High income
eth,Ethiopia,Low income,Low income,Low income,Low income,Low income,Low income,Low income,Low income,Low income,Low income,Low income,Low income,Low income,Low income,Low income,Low income,Low income,Low income,Low income,Low income,Low income,Low income,Low income,Low income,Low income,Low income,Low income,Low income,Low income,Low income,Low income,Low income,Low income,Low income,Low income,Low income,Low income,Low income
fin,Finland,High income,High income,High income,High income,High income,High income,High income,High income,High income,High income,High income,High income,High income,High income,High income,High income,High income,High income,High income,High income,High income,High income,High income,High income,High income,High income,High income,High income,High income,High income,High income,High income,High income,High income,High income,High income,High income,High income
fji,Fiji,Lower middle income,Lower middle income,Lower middle income,Lower middle income,Lower middle income,Lower middle income,Lower middle income,Lower middle income,Lower middle income,Lower middle income,Lower middle income,Lower middle income,Lower middle income,Lower middle income,Lower middle income,Lower middle income,Lower middle income,Lower middle income,Lower middle income,Lower middle income,Upper middle income,Upper middle income,Upper middle income,Lower middle income,Lower middle income,Upper middle income,Upper middle income,Upper middle income,Upper middle income,Upper middle income,Upper middle income,Upper middle income,Upper middle income,Upper middle income,Upper middle income,Upper middle income,Upper middle income,Upper middle income
fra,France,High income,High income,High income,High income,High income,High income,High income,High income,High income,High income,High income,High income,High income,High income,High income,High income,High income,High income,High income,High income,High income,High income,High income,High income,High income,High income,High income,High income,High income,High income,High income,High income,High income,High income,High income,High income,High income,High income
fsm,"Micronesia, Fed. Sts.",Lower middle income,Lower middle income,Lower middle income,Lower middle income,Lower middle income,Lower middle income,Lower middle income,Lower middle income,Lower middle income,Lower middle income,Lower middle income,Lower middle income,Lower middle income,Lower middle income,Lower middle income,Lower middle income,Lower middle income,Lower middle income,Lower middle income,Lower middle income,Lower middle income,Lower middle income,Lower middle income,Lower middle income,Lower middle income,Lower middle income,Lower middle income,Lower middle income,Lower middle income,Lower middle income,Lower middle income,Lower middle income,Lower middle income,Lower middle income,Lower middle income,Lower middle income,Lower middle income,Lower middle income
gab,Gabon,Upper middle income,Upper middle income,Upper middle income,Upper middle income,Upper middle income,Upper middle income,Upper middle income,Upper middle income,Upper middle income,Upper middle income,Upper middle income,Upper middle income,Upper middle income,Upper middle income,Upper middle income,Upper middle income,Upper middle income,Upper middle income,Upper middle income,Upper middle income,Upper middle income,Upper middle income,Upper middle income,Upper middle income,Upper middle income,Upper middle income,Upper middle income,Upper middle income,Upper middle income,Upper middle income,Upper middle income,Upper middle income,Upper middle income,Upper middle income,Upper middle income,Upper middle income,Upper middle income,Upper middle income
gbr,UK,High income,High income,High income,High income,High income,High income,High income,High income,High income,High income,High income,High income,High income,High income,High income,High income,High income,High income,High income,High income,High income,High income,High income,High income,High income,High income,High income,High income,High income,High income,High income,High income,High income,High income,High income,High income,High income,High income
geo,Georgia,Lower middle income,Lower middle income,Lower middle income,Lower middle income,Lower middle income,Lower middle income,Low income,Low income,Low income,Lower middle income,Lower middle income,Lower middle income,Low income,Low income,Low income,Low income,Lower middle income,Lower middle income,Lower middle income,Lower middle income,Lower middle income,Lower middle income,Lower middle income,Lower middle income,Lower middle income,Lower middle income,Lower middle income,Lower middle income,Upper middle income,Lower middle income,Lower middle income,Upper middle income,Upper middle income,Upper middle income,Upper middle income,Upper middle income,Upper middle income,Upper middle income
gha,Ghana,Low income,Low income,Low income,Low income,Low income,Low income,Low income,Low income,Low income,Low income,Low income,Low income,Low income,Low income,Low income,Low income,Low income,Low income,Low income,Low income,Low income,Low income,Low income,Lower middle income,Lower middle income,Lower middle income,Lower middle income,Lower middle income,Lower middle income,Lower middle income,Lower middle income,Lower middle income,Lower middle income,Lower middle income,Lower middle income,Lower middle income,Lower middle income,Lower middle income
gin,Guinea,Low income,Low income,Low income,Low income,Low income,Low income,Low income,Low income,Low income,Low income,Low income,Low income,Low income,Low income,Low income,Low income,Low income,Low income,Low income,Low income,Low income,Low income,Low income,Low income,Low income,Low income,Low income,Low income,Low income,Low income,Low income,Low income,Low income,Low income,Low income,Lower middle income,Lower middle income,Lower middle income
gmb,Gambia,Low income,Low income,Low income,Low income,Low income,Low income,Low income,Low income,Low income,Low income,Low income,Low income,Low income,Low income,Low income,Low income,Low income,Low income,Low income,Low income,Low income,Low income,Low income,Low income,Low income,Low income,Low income,Low income,Low income,Low income,Low income,Low income,Low income,Low income,Low income,Low income,Low income,Low income
gnb,Guinea-Bissau,Low income,Low income,Low income,Low income,Low income,Low income,Low income,Low income,Low income,Low income,Low income,Low income,Low income,Low income,Low income,Low income,Low income,Low income,Low income,Low income,Low income,Low income,Low income,Low income,Low income,Low income,Low income,Low income,Low income,Low income,Low income,Low income,Low income,Low income,Low income,Low income,Low income,Low income
gnq,Equatorial Guinea,Low income,Low income,Low income,Low income,Low income,Low income,Low income,Low income,Low income,Low income,Lower middle income,Lower middle income,Lower middle income,Lower middle income,Low income,Low income,Low income,Upper middle income,Upper middle income,Upper middle income,High income,High income,High income,High income,High income,High income,High income,High income,Upper middle income,Upper middle income,Upper middle income,Upper middle income,Upper middle income,Upper middle income,Upper middle income,Upper middle income,Upper middle income,Upper middle income
grc,Greece,Upper middle income,Upper middle income,Upper middle income,Upper middle income,Upper middle income,Upper middle income,Upper middle income,Upper middle income,Upper middle income,High income,High income,High income,High income,High income,High income,High income,High income,High income,High income,High income,High income,High income,High income,High income,High income,High income,High income,High income,High income,High income,High income,High income,High income,High income,High income,High income,High income,High income
grd,Grenada,Lower middle income,Lower middle income,Lower middle income,Lower middle income,Lower middle income,Lower middle income,Lower middle income,Lower middle income,Lower middle income,Lower middle income,Upper middle income,Upper middle income,Upper middle income,Upper middle income,Upper middle income,Upper middle income,Upper middle income,Upper middle income,Upper middle income,Upper middle income,Upper middle income,Upper middle income,Upper middle income,Upper middle income,Upper middle income,Upper middle income,Upper middle income,Upper middle income,Upper middle income,Upper middle income,Upper middle income,Upper middle income,Upper middle income,Upper middle income,Upper middle income,Upper middle income,Upper middle income,Upper middle income
gtm,Guatemala,Lower middle income,Lower middle income,Lower middle income,Lower middle income,Lower middle income,Lower middle income,Lower middle income,Lower middle income,Lower middle income,Lower middle income,Lower middle income,Lower middle income,Lower middle income,Lower middle income,Lower middle income,Lower middle income,Lower middle income,Lower middle income,Lower middle income,Lower middle income,Lower middle income,Lower middle income,Lower middle income,Lower middle income,Lower middle income,Lower middle income,Lower middle income,Lower middle income,Lower middle income,Lower middle income,Upper middle income,Upper middle income,Upper middle income,Upper middle income,Upper middle income,Upper middle income,Upper middle income,Upper middle income
guy,Guyana,Low income,Low income,Low income,Low income,Low income,Low income,Low income,Low income,Low income,Low income,Lower middle income,Lower middle income,Lower middle income,Lower middle income,Lower middle income,Lower middle income,Lower middle income,Lower middle income,Lower middle income,Lower middle income,Lower middle income,Lower middle income,Lower middle income,Lower middle income,Lower middle income,Lower middle income,Lower middle income,Lower middle income,Upper middle income,Upper middle income,Upper middle income,Upper middle income,Upper middle income,Upper middle income,Upper middle income,High income,High income,High income
hnd,Honduras,Lower middle income,Lower middle income,Lower middle income,Low income,Low income,Low income,Low income,Low income,Low income,Low income,Low income,Low income,Lower middle income,Lower middle income,Lower middle income,Lower middle income,Lower middle income,Lower middle income,Lower middle income,Lower middle income,Lower middle income,Lower middle income,Lower middle income,Lower middle income,Lower middle income,Lower middle income,Lower middle income,Lower middle income,Lower middle income,Lower middle income,Lower middle income,Lower middle income,Lower middle income,Lower middle income,Lower middle income,Lower middle income,Lower middle income,Lower middle income
hrv,Croatia,Lower middle income,Lower middle income,Lower middle income,Lower middle income,Lower middle income,Lower middle income,Lower middle income,Lower middle income,Upper middle income,Upper middle income,Upper middle income,Upper middle income,Upper middle income,Upper middle income,Upper middle income,Upper middle income,Upper middle income,Upper middle income,Upper middle income,Upper middle income,Upper middle income,High income,High income,High income,High income,High income,High income,High income,High income,Upper middle income,High income,High income,High income,High income,High income,High income,High income,High income
hti,Haiti,Low income,Low income,Low income,Low income,Low income,Low income,Low income,Low income,Low income,Low income,Low income,Low income,Low income,Low income,Low income,Low income,Low income,Low income,Low income,Low income,Low income,Low income,Low income,Low income,Low income,Low income,Low income,Low income,Low income,Low income,Low income,Low income,Low income,Lower middle income,Lower middle income,Lower middle income,Lower middle income,Lower middle income
hun,Hungary,Upper middle income,Upper middle income,Upper middle income,Upper middle income,Upper middle income,Upper middle income,Upper middle income,Upper middle income,Upper middle income,Upper middle income,Upper middle income,Upper middle income,Upper middle income,Upper middle income,Upper middle income,Upper middle income,Upper middle income,Upper middle income,Upper middle income,Upper middle income,High income,High income,High income,High income,High income,Upper middle income,Upper middle income,High income,High income,High income,High income,High income,High income,High income,High income,High income,High income,High income
idn,Indonesia,Low income,Low income,Low income,Low income,Low income,Low income,Lower middle income,Lower middle income,Lower middle income,Lower middle income,Lower middle income,Low income,Low income,Low income,Low income,Low income,Lower middle income,Lower middle income,Lower middle income,Lower middle income,Lower middle income,Lower middle income,Lower middle income,Lower middle income,Lower middle income,Lower middle income,Lower middle income,Lower middle income,Lower middle income,Lower middle income,Lower middle income,Lower middle income,Upper middle income,Lower middle income,Lower middle income,Upper middle income,Upper middle income,Upper middle income
ind,India,Low income,Low income,Low income,Low income,Low income,Low income,Low income,Low income,Low income,Low income,Low income,Low income,Low income,Low income,Low income,Low income,Low income,Low income,Low income,Low income,Lower middle income,Lower middle income,Lower middle income,Lower middle income,Lower middle income,Lower middle income,Lower middle income,Lower middle income,Lower middle income,Lower middle income,Lower middle income,Lower middle income,Lower middle income,Lower middle income,Lower middle income,Lower middle income,Lower middle income,Lower middle income
irl,Ireland,High income,High income,High income,High income,High income,High income,High income,High income,High income,High income,High income,High income,High income,High income,High income,High income,High income,High income,High income,High income,High income,High income,High income,High income,High income,High income,High income,High income,High income,High income,High income,High income,High income,High income,High income,High income,High income,High income
irn,Iran,Upper middle income,Upper middle income,Upper middle income,Lower middle income,Lower middle income,Lower middle income,Lower middle income,Lower middle income,Lower middle income,Lower middle income,Lower middle income,Lower middle income,Lower middle income,Lower middle income,Lower middle income,Lower middle income,Lower middle income,Lower middle income,Lower middle income,Lower middle income,Lower middle income,Lower middle income,Upper middle income,Upper middle income,Upper middle income,Upper middle income,Upper middle income,Upper middle income,Upper middle income,Upper middle income,Upper middle income,Upper middle income,Upper middle income,Lower middle income,Lower middle income,Lower middle income,Upper middle income,Upper middle income
irq,Iraq,Upper middle income,Upper middle income,Upper middle income,Upper middle income,Lower middle income,Lower middle income,Lower middle income,Lower middle income,Lower middle income,Lower middle income,Lower middle income,Lower middle income,Lower middle income,Lower middle income,Lower middle income,Lower middle income,Lower middle income,Lower middle income,Lower middle income,Lower middle income,Lower middle income,Lower middle income,Lower middle income,Lower middle income,Lower middle income,Upper middle income,Upper middle income,Upper middle income,Upper middle income,Upper middle income,Upper middle income,Upper middle income,Upper middle income,Upper middle income,Upper middle income,Upper middle income,Upper middle income,Upper middle income
isl,Iceland,High income,High income,High income,High income,High income,High income,High income,High income,High income,High income,High income,High income,High income,High income,High income,High income,High income,High income,High income,High income,High income,High income,High income,High income,High income,High income,High income,High income,High income,High income,High income,High income,High income,High income,High income,High income,High income,High income
isr,Israel,High income,High income,High income,High income,High income,High income,High income,High income,High income,High income,High income,High income,High income,High income,High income,High income,High income,High income,High income,High income,High income,High income,High income,High income,High income,High income,High income,High income,High income,High income,High income,High income,High income,High income,High income,High income,High income,High income
ita,Italy,High income,High income,High income,High income,High income,High income,High income,High income,High income,High income,High income,High income,High income,High income,High income,High income,High income,High income,High income,High income,High income,High income,High income,High income,High income,High income,High income,High income,High income,High income,High income,High income,High income,High income,High income,High income,High income,High income
jam,Jamaica,Lower middle income,Lower middle income,Lower middle income,Lower middle income,Lower middle income,Lower middle income,Lower middle income,Lower middle income,Lower middle income,Lower middle income,Lower middle income,Lower middle income,Lower middle income,Lower middle income,Lower middle income,Lower middle income,Lower middle income,Lower middle income,Lower middle income,Lower middle income,Upper middle income,Upper middle income,Upper middle income,Upper middle income,Upper middle income,Upper middle income,Upper middle income,Upper middle income,Upper middle income,Upper middle income,Upper middle income,Upper middle income,Upper middle income,Upper middle income,Upper middle income,Upper middle income,Upper middle income,Upper middle income
jor,Jordan,Lower middle income,Lower middle income,Lower middle income,Lower middle income,Lower middle income,Lower middle income,Lower middle income,Lower middle income,Lower middle income,Lower middle income,Lower middle income,Lower middle income,Lower middle income,Lower middle income,Lower middle income,Lower middle income,Lower middle income,Lower middle income,Lower middle income,Lower middle income,Lower middle income,Lower middle income,Lower middle income,Upper middle income,Upper middle income,Upper middle income,Upper middle income,Upper middle income,Upper middle income,Lower middle income,Upper middle income,Upper middle income,Upper middle income,Upper middle income,Upper middle income,Lower middle income,Lower middle income,Lower middle income
jpn,Japan,High income,High income,High income,High income,High income,High income,High income,High income,High income,High income,High income,High income,High income,High income,High income,High income,High income,High income,High income,High income,High income,High income,High income,High income,High income,High income,High income,High income,High income,High income,High income,High income,High income,High income,High income,High income,High income,High income
kaz,Kazakhstan,Lower middle income,Lower middle income,Lower middle income,Lower middle income,Lower middle income,Lower middle income,Lower middle income,Lower middle income,Lower middle income,Lower middle income,Lower middle income,Lower middle income,Lower middle income,Lower middle income,Lower middle income,Lower middle income,Lower middle income,Lower middle income,Lower middle income,Upper middle income,Upper middle income,Upper middle income,Upper middle income,Upper middle income,Upper middle income,Upper middle income,Upper middle income,Upper middle income,Upper middle income,Upper middle income,Upper middle income,Upper middle income,Upper middle income,Upper middle income,Upper middle income,Upper middle income,Upper middle income,Upper middle income
ken,Kenya,Low income,Low income,Low income,Low income,Low income,Low income,Low income,Low income,Low income,Low income,Low income,Low income,Low income,Low income,Low income,Low income,Low income,Low income,Low income,Low income,Low income,Low income,Low income,Low income,Low income,Low income,Low income,Lower middle income,Lower middle income,Lower middle income,Lower middle income,Lower middle income,Lower middle income,Lower middle income,Lower middle income,Lower middle income,Lower middle income,Lower middle income
kgz,Kyrgyz Republic,Lower middle income,Lower middle income,Lower middle income,Lower middle income,Lower middle income,Lower middle income,Lower middle income,Low income,Low income,Low income,Low income,Low income,Low income,Low income,Low income,Low income,Low income,Low income,Low income,Low income,Low income,Low income,Low income,Low income,Low income,Low income,Lower middle income,Lower middle income,Lower middle income,Lower middle income,Lower middle income,Lower middle income,Lower middle income,Lower middle income,Lower middle income,Lower middle income,Lower middle income,Lower middle income
khm,Cambodia,Low income,Low income,Low income,Low income,Low income,Low income,Low income,Low income,Low income,Low income,Low income,Low income,Low income,Low income,Low income,Low income,Low income,Low income,Low income,Low income,Low income,Low income,Low income,Low income,Low income,Low income,Low income,Low income,Lower middle income,Lower middle income,Lower middle income,Lower middle income,Lower middle income,Lower middle income,Lower middle income,Lower middle income,Lower middle income,Lower middle income
kir,Kiribati,Lower middle income,Lower middle income,Lower middle income,Lower middle income,Lower middle income,Lower middle income,Lower middle income,Lower middle income,Lower middle income,Lower middle income,Lower middle income,Lower middle income,Lower middle income,Lower middle income,Lower middle income,Lower middle income,Lower middle income,Lower middle income,Lower middle income,Lower middle income,Lower middle income,Lower middle income,Lower middle income,Lower middle income,Lower middle income,Lower middle income,Lower middle income,Lower middle income,Lower middle income,Lower middle income,Lower middle income,Lower middle income,Lower middle income,Lower middle income,Lower middle income,Lower middle income,Lower middle income,Lower middle income
kna,St. Kitts and Nevis,Upper middle income,Upper middle income,Upper middle income,Upper middle income,Upper middle income,Upper middle income,Upper middle income,Upper middle income,Upper middle income,Upper middle income,Upper middle income,Upper middle income,Upper middle income,Upper middle income,Upper middle income,Upper middle income,Upper middle income,Upper middle income,Upper middle income,Upper middle income,Upper middle income,Upper middle income,Upper middle income,Upper middle income,High income,High income,High income,High income,High income,High income,High income,High income,High income,High income,High income,High income,High income,High income
kor,South Korea,Upper middle income,Upper middle income,Upper middle income,Upper middle income,Upper middle income,Upper middle income,Upper middle income,Upper middle income,High income,High income,High income,Upper middle income,Upper middle income,Upper middle income,High income,High income,High income,High income,High income,High income,High income,High income,High income,High income,High income,High income,High income,High income,High income,High income,High income,High income,High income,High income,High income,High income,High income,High income
kwt,Kuwait,High income,High income,High income,High income,High income,High income,High income,High income,High income,High income,High income,High income,High income,High income,High income,High income,High income,High income,High income,High income,High income,High income,High income,High income,High income,High income,High income,High income,High income,High income,High income,High income,High income,High income,High income,High income,High income,High income
lao,Lao,Low income,Low income,Low income,Low income,Low income,Low income,Low income,Low income,Low income,Low income,Low income,Low income,Low income,Low income,Low income,Low income,Low income,Low income,Low income,Low income,Low income,Low income,Low income,Lower middle income,Lower middle income,Lower middle income,Lower middle income,Lower middle income,Lower middle income,Lower middle income,Lower middle income,Lower middle income,Lower middle income,Lower middle income,Lower middle income,Lower middle income,Lower middle income,Lower middle income
lbn,Lebanon,Lower middle income,Lower middle income,Lower middle income,Lower middle income,Lower middle income,Lower middle income,Lower middle income,Lower middle income,Lower middle income,Lower middle income,Upper middle income,Upper middle income,Upper middle income,Upper middle income,Upper middle income,Upper middle income,Upper middle income,Upper middle income,Upper middle income,Upper middle income,Upper middle income,Upper middle income,Upper middle income,Upper middle income,Upper middle income,Upper middle income,Upper middle income,Upper middle income,Upper middle income,Upper middle income,Upper middle income,Upper middle income,Upper middle income,Upper middle income,Lower middle income,Lower middle income,Lower middle income,Lower middle income
lbr,Liberia,Low income,Low income,Low income,Low income,Low income,Low income,Low income,Low income,Low income,Low income,Low income,Low income,Low income,Low income,Low income,Low income,Low income,Low income,Low income,Low income,Low income,Low income,Low income,Low income,Low income,Low income,Low income,Low income,Low income,Low income,Low income,Low income,Low income,Low income,Low income,Low income,Low income,Low income
lby,Libya,Upper middle income,Upper middle income,Upper middle income,Upper middle income,Upper middle income,Upper middle income,Upper middle income,Upper middle income,Upper middle income,Upper middle income,Upper middle income,Upper middle income,Upper middle income,Upper middle income,Upper middle income,Upper middle income,Upper middle income,Upper middle income,Upper middle income,Upper middle income,Upper middle income,Upper middle income,Upper middle income,Upper middle income,Upper middle income,Upper middle income,Upper middle income,Upper middle income,Upper middle income,Upper middle income,Upper middle income,Upper middle income,Upper middle income,Upper middle income,Upper middle income,Upper middle income,Upper middle income,Upper middle income
lca,St. Lucia,Lower middle income,Lower middle income,Lower middle income,Lower middle income,Lower middle income,Upper middle income,Upper middle income,Upper middle income,Upper middle income,Upper middle income,Upper middle income,Upper middle income,Upper middle income,Upper middle income,Upper middle income,Upper middle income,Upper middle income,Upper middle income,Upper middle income,Upper middle income,Upper middle income,Upper middle income,Upper middle income,Upper middle income,Upper middle income,Upper middle income,Upper middle income,Upper middle income,Upper middle income,Upper middle income,Upper middle income,Upper middle income,Upper middle income,Upper middle income,Upper middle income,Upper middle income,Upper middle income,Upper middle income
lie,Liechtenstein,High income,High income,High income,High income,High income,High income,High income,High income,High income,High income,High income,High income,High income,High income,High income,High income,High income,High income,High income,High income,High income,High income,High income,High income,High income,High income,High income,High income,High income,High income,High income,High income,High income,High income,High income,High income,High income,High income
lka,Sri Lanka,Low income,Low income,Low income,Low income,Low income,Low income,Low income,Low income,Low income,Low income,Lower middle income,Lower middle income,Lower middle income,Lower middle income,Lower middle income,Lower middle income,Lower middle income,Lower middle income,Lower middle income,Lower middle income,Lower middle income,Lower middle income,Lower middle income,Lower middle income,Lower middle income,Lower middle income,Lower middle income,Lower middle income,Lower middle income,Lower middle income,Lower middle income,Upper middle income,Lower middle income,Lower middle income,Lower middle income,Lower middle income,Lower middle income,Lower middle income
lso,Lesotho,Low income,Low income,Low income,Low income,Low income,Low income,Low income,Low income,Lower middle income,Low income,Low income,Low income,Low income,Low income,Low income,Low income,Low income,Low income,Lower middle income,Lower middle income,Lower middle income,Lower middle income,Lower middle income,Lower middle income,Lower middle income,Lower middle income,Lower middle income,Lower middle income,Lower middle income,Lower middle income,Lower middle income,Lower middle income,Lower middle income,Lower middle income,Lower middle income,Lower middle income,Lower middle income,Lower middle income
ltu,Lithuania,Upper middle income,Upper middle income,Upper middle income,Upper middle income,Upper middle income,Lower middle income,Lower middle income,Lower middle income,Lower middle income,Lower middle income,Lower middle income,Lower middle income,Lower middle income,Lower middle income,Upper middle income,Upper middle income,Upper middle income,Upper middle income,Upper middle income,Upper middle income,Upper middle income,Upper middle income,Upper middle income,Upper middle income,Upper middle income,High income,High income,High income,High income,High income,High income,High income,High income,High income,High income,High income,High income,High income
lux,Luxembourg,High income,High income,High income,High income,High income,High income,High income,High income,High income,High income,High income,High income,High income,High income,High income,High income,High income,High income,High income,High income,High income,High income,High income,High income,High income,High income,High income,High income,High income,High income,High income,High income,High income,High income,High income,High income,High income,High income
lva,Latvia,Upper middle income,Upper middle income,Upper middle income,Upper middle income,Upper middle income,Lower middle income,Lower middle income,Lower middle income,Lower middle income,Lower middle income,Lower middle income,Lower middle income,Lower middle income,Lower middle income,Upper middle income,Upper middle income,Upper middle income,Upper middle income,Upper middle income,Upper middle income,Upper middle income,Upper middle income,High income,Upper middle income,Upper middle income,High income,High income,High income,High income,High income,High income,High income,High income,High income,High income,High income,High income,High income
mar,Morocco,Lower middle income,Lower middle income,Lower middle income,Lower middle income,Lower middle income,Lower middle income,Lower middle income,Lower middle income,Lower middle income,Lower middle income,Lower middle income,Lower middle income,Lower middle income,Lower middle income,Lower middle income,Lower middle income,Lower middle income,Lower middle income,Lower middle income,Lower middle income,Lower middle income,Lower middle income,Lower middle income,Lower middle income,Lower middle income,Lower middle income,Lower middle income,Lower middle income,Lower middle income,Lower middle income,Lower middle income,Lower middle income,Lower middle income,Lower middle income,Lower middle income,Lower middle income,Lower middle income,Lower middle income
mco,Monaco,High income,High income,High income,High income,High income,High income,High income,High income,High income,High income,High income,High income,High income,High income,High income,High income,High income,High income,High income,High income,High income,High income,High income,High income,High income,High income,High income,High income,High income,High income,High income,High income,High income,High income,High income,High income,High income,High income
mda,Moldova,Lower middle income,Lower middle income,Lower middle income,Lower middle income,Lower middle income,Lower middle income,Lower middle income,Lower middle income,Lower middle income,Low income,Low income,Low income,Low income,Low income,Low income,Low income,Low income,Low income,Lower middle income,Lower middle income,Lower middle income,Lower middle income,Lower middle income,Lower middle income,Lower middle income,Lower middle income,Lower middle income,Lower middle income,Lower middle income,Lower middle income,Lower middle income,Lower middle income,Lower middle income,Upper middle income,Upper middle income,Upper middle income,Upper middle income,Upper middle income
mdg,Madagascar,Low income,Low income,Low income,Low income,Low income,Low income,Low income,Low income,Low income,Low income,Low income,Low income,Low income,Low income,Low income,Low income,Low income,Low income,Low income,Low income,Low income,Low income,Low income,Low income,Low income,Low income,Low income,Low income,Low income,Low income,Low income,Low income,Low income,Low income,Low income,Low income,Low income,Low income
mdv,Maldives,Low income,Low income,Low income,Low income,Low income,Low income,Lower middle income,Lower middle income,Lower middle income,Lower middle income,Lower middle income,Lower middle income,Lower middle income,Lower middle income,Lower middle income,Lower middle income,Lower middle income,Lower middle income,Lower middle income,Lower middle income,Lower middle income,Lower middle income,Lower middle income,Upper middle income,Upper middle income,Upper middle income,Upper middle income,Upper middle income,Upper middle income,Upper middle income,Upper middle income,Upper middle income,Upper middle income,Upper middle income,Upper middle income,Upper middle income,Upper middle income,Upper middle income
mex,Mexico,Lower middle income,Lower middle income,Lower middle income,Upper middle income,Upper middle income,Upper middle income,Upper middle income,Upper middle income,Upper middle income,Upper middle income,Upper middle income,Upper middle income,Upper middle income,Upper middle income,Upper middle income,Upper middle income,Upper middle income,Upper middle income,Upper middle income,Upper middle income,Upper middle income,Upper middle income,Upper middle income,Upper middle income,Upper middle income,Upper middle income,Upper middle income,Upper middle income,Upper middle income,Upper middle income,Upper middle income,Upper middle income,Upper middle income,Upper middle income,Upper middle income,Upper middle income,Upper middle income,Upper middle income
mhl,Marshall Islands,Lower middle income,Lower middle income,Lower middle income,Lower middle income,Lower middle income,Lower middle income,Lower middle income,Lower middle income,Lower middle income,Lower middle income,Lower middle income,Lower middle income,Lower middle income,Lower middle income,Lower middle income,Lower middle income,Lower middle income,Lower middle income,Lower middle income,Lower middle income,Lower middle income,Lower middle income,Lower middle income,Lower middle income,Lower middle income,Upper middle income,Upper middle income,Upper middle income,Upper middle income,Upper middle income,Upper middle income,Upper middle income,Upper middle income,Upper middle income,Upper middle income,Upper middle income,Upper middle income,Upper middle income
mkd,North Macedonia,Lower middle income,Lower middle income,Lower middle income,Lower middle income,Lower middle income,Lower middle income,Lower middle income,Lower middle income,Lower middle income,Lower middle income,Lower middle income,Lower middle income,Lower middle income,Lower middle income,Lower middle income,Lower middle income,Lower middle income,Lower middle income,Lower middle income,Lower middle income,Lower middle income,Upper middle income,Upper middle income,Upper middle income,Upper middle income,Upper middle income,Upper middle income,Upper middle income,Upper middle income,Upper middle income,Upper middle income,Upper middle income,Upper middle income,Upper middle income,Upper middle income,Upper middle income,Upper middle income,Upper middle income
mli,Mali,Low income,Low income,Low income,Low income,Low income,Low income,Low income,Low income,Low income,Low income,Low income,Low income,Low income,Low income,Low income,Low income,Low income,Low income,Low income,Low income,Low income,Low income,Low income,Low income,Low income,Low income,Low income,Low income,Low income,Low income,Low income,Low income,Low income,Low income,Low income,Low income,Low income,Low income
mlt,Malta,Upper middle income,Upper middle income,High income,Upper middle income,Upper middle income,Upper middle income,Upper middle income,Upper middle income,Upper middle income,Upper middle income,Upper middle income,High income,Upper middle income,High income,Upper middle income,High income,High income,High income,High income,High income,High income,High income,High income,High income,High income,High income,High income,High income,High income,High income,High income,High income,High income,High income,High income,High income,High income,High income
mmr,Myanmar,Low income,Low income,Low income,Low income,Low income,Low income,Low income,Low income,Low income,Low income,Low income,Low income,Low income,Low income,Low income,Low income,Low income,Low income,Low income,Low income,Low income,Low income,Low income,Low income,Low income,Low income,Low income,Lower middle income,Lower middle income,Lower middle income,Lower middle income,Lower middle income,Lower middle income,Lower middle income,Lower middle income,Lower middle income,Lower middle income,Lower middle income
mne,Montenegro,Upper middle income,Upper middle income,Upper middle income,Upper middle income,Upper middle income,Upper middle income,Upper middle income,Upper middle income,Upper middle income,Upper middle income,Upper middle income,Upper middle income,Upper middle income,Upper middle income,Upper middle income,Upper middle income,Upper middle income,Upper middle income,Upper middle income,Upper middle income,Upper middle income,Upper middle income,Upper middle income,Upper middle income,Upper middle income,Upper middle income,Upper middle income,Upper middle income,Upper middle income,Upper middle income,Upper middle income,Upper middle income,Upper middle income,Upper middle income,Upper middle income,Upper middle income,Upper middle income,Upper middle income
mng,Mongolia,Lower middle income,Lower middle income,Lower middle income,Lower middle income,Lower middle income,Lower middle income,Low income,Low income,Low income,Low income,Low income,Low income,Low income,Low income,Low income,Low income,Low income,Low income,Low income,Low income,Lower middle income,Lower middle income,Lower middle income,Lower middle income,Lower middle income,Lower middle income,Lower middle income,Upper middle income,Lower middle income,Lower middle income,Lower middle income,Lower middle income,Lower middle income,Lower middle income,Lower middle income,Lower middle income,Upper middle income,Upper middle income
moz,Mozambique,Low income,Low income,Low income,Low income,Low income,Low income,Low income,Low income,Low income,Low income,Low income,Low income,Low income,Low income,Low income,Low income,Low income,Low income,Low income,Low income,Low income,Low income,Low income,Low income,Low income,Low income,Low income,Low income,Low income,Low income,Low income,Low income,Low income,Low income,Low income,Low income,Low income,Low income
mrt,Mauritania,Low income,Low income,Low income,Low income,Low income,Low income,Low income,Low income,Low income,Low income,Low income,Low income,Low income,Low income,Low income,Low income,Low income,Low income,Low income,Low income,Low income,Low income,Low income,Lower middle income,Low income,Lower middle income,Lower middle income,Lower middle income,Lower middle income,Lower middle income,Lower middle income,Lower middle income,Lower middle income,Lower middle income,Lower middle income,Lower middle income,Lower middle income,Lower middle income
mus,Mauritius,Lower middle income,Lower middle income,Lower middle income,Lower middle income,Lower middle income,Upper middle income,Upper middle income,Upper middle income,Upper middle income,Upper middle income,Upper middle income,Upper middle income,Upper middle income,Upper middle income,Upper middle income,Upper middle income,Upper middle income,Upper middle income,Upper middle income,Upper middle income,Upper middle income,Upper middle income,Upper middle income,Upper middle income,Upper middle income,Upper middle income,Upper middle income,Upper middle income,Upper middle income,Upper middle income,Upper middle income,Upper middle income,High income,Upper middle income,Upper middle income,Upper middle income,Upper middle income,Upper middle income
mwi,Malawi,Low income,Low income,Low income,Low income,Low income,Low income,Low income,Low income,Low income,Low income,Low income,Low income,Low income,Low income,Low income,Low income,Low income,Low income,Low income,Low income,Low income,Low income,Low income,Low income,Low income,Low income,Low income,Low income,Low income,Low income,Low income,Low income,Low income,Low income,Low income,Low income,Low income,Low income
mys,Malaysia,Lower middle income,Lower middle income,Lower middle income,Lower middle income,Lower middle income,Upper middle income,Upper middle income,Upper middle income,Upper middle income,Upper middle income,Upper middle income,Upper middle income,Upper middle income,Upper middle income,Upper middle income,Upper middle income,Upper middle income,Upper middle income,Upper middle income,Upper middle income,Upper middle income,Upper middle income,Upper middle income,Upper middle income,Upper middle income,Upper middle income,Upper middle income,Upper middle income,Upper middle income,Upper middle income,Upper middle income,Upper middle income,Upper middle income,Upper middle income,Upper middle income,Upper middle income,Upper middle income,Upper middle income
nam,Namibia,Lower middle income,Lower middle income,Lower middle income,Lower middle income,Lower middle income,Lower middle income,Lower middle income,Lower middle income,Lower middle income,Lower middle income,Lower middle income,Lower middle income,Lower middle income,Lower middle income,Lower middle income,Lower middle income,Lower middle income,Lower middle income,Lower middle income,Lower middle income,Lower middle income,Upper middle income,Upper middle income,Upper middle income,Upper middle income,Upper middle income,Upper middle income,Upper middle income,Upper middle income,Upper middle income,Upper middle income,Upper middle income,Upper middle income,Upper middle income,Upper middle income,Upper middle income,Upper middle income,Lower middle income
ner,Niger,Low income,Low income,Low income,Low income,Low income,Low income,Low income,Low income,Low income,Low income,Low income,Low income,Low income,Low income,Low income,Low income,Low income,Low income,Low income,Low income,Low income,Low income,Low income,Low income,Low income,Low income,Low income,Low income,Low income,Low income,Low income,Low income,Low income,Low income,Low income,Low income,Low income,Low income
nga,Nigeria,Low income,Low income,Low income,Low income,Low income,Low income,Low income,Low income,Low income,Low income,Low income,Low income,Low income,Low income,Low income,Low income,Low income,Low income,Low income,Low income,Low income,Lower middle income,Lower middle income,Lower middle income,Lower middle income,Lower middle income,Lower middle income,Lower middle income,Lower middle income,Lower middle income,Lower middle income,Lower middle income,Lower middle income,Lower middle income,Lower middle income,Lower middle income,Lower middle income,Lower middle income
nic,Nicaragua,Lower middle income,Lower middle income,Lower middle income,Lower middle income,Low income,Low income,Low income,Low income,Low income,Low income,Low income,Low income,Low income,Low income,Low income,Low income,Low income,Low income,Lower middle income,Lower middle income,Lower middle income,Lower middle income,Lower middle income,Lower middle income,Lower middle income,Lower middle income,Lower middle income,Lower middle income,Lower middle income,Lower middle income,Lower middle income,Lower middle income,Lower middle income,Lower middle income,Lower middle income,Lower middle income,Lower middle income,Lower middle income
nld,Netherlands,High income,High income,High income,High income,High income,High income,High income,High income,High income,High income,High income,High income,High income,High income,High income,High income,High income,High income,High income,High income,High income,High income,High income,High income,High income,High income,High income,High income,High income,High income,High income,High income,High income,High income,High income,High income,High income,High income
nor,Norway,High income,High income,High income,High income,High income,High income,High income,High income,High income,High income,High income,High income,High income,High income,High income,High income,High income,High income,High income,High income,High income,High income,High income,High income,High income,High income,High income,High income,High income,High income,High income,High income,High income,High income,High income,High income,High income,High income
npl,Nepal,Low income,Low income,Low income,Low income,Low income,Low income,Low income,Low income,Low income,Low income,Low income,Low income,Low income,Low income,Low income,Low income,Low income,Low income,Low income,Low income,Low income,Low income,Low income,Low income,Low income,Low income,Low income,Low income,Low income,Low income,Low income,Low income,Lower middle income,Lower middle income,Lower middle income,Lower middle income,Lower middle income,Lower middle income
nru,Nauru,High income,High income,High income,High income,High income,High income,High income,High income,High income,High income,High income,High income,High income,High income,High income,High income,High income,High income,High income,High income,High income,High income,High income,High income,High income,High income,High income,High income,High income,Upper middle income,Upper middle income,Upper middle income,High income,High income,High income,High income,High income,High income
nzl,New Zealand,High income,High income,High income,High income,High income,High income,High income,High income,High income,High income,High income,High income,High income,High income,High income,High income,High income,High income,High income,High income,High income,High income,High income,High income,High income,High income,High income,High income,High income,High income,High income,High income,High income,High income,High income,High income,High income,High income
omn,Oman,Upper middle income,Upper middle income,Upper middle income,Upper middle income,Upper middle income,Upper middle income,Upper middle income,Upper middle income,Upper middle income,Upper middle income,Upper middle income,Upper middle income,Upper middle income,Upper middle income,Upper middle income,Upper middle income,Upper middle income,Upper middle income,Upper middle income,Upper middle income,High income,High income,High income,High income,High income,High income,High income,High income,High income,High income,High income,High income,High income,High income,High income,High income,High income,High income
pak,Pakistan,Low income,Low income,Low income,Low income,Low income,Low income,Low income,Low income,Low income,Low income,Low income,Low income,Low income,Low income,Low income,Low income,Low income,Low income,Low income,Low income,Low income,Lower middle income,Lower middle income,Lower middle income,Lower middle income,Lower middle income,Lower middle income,Lower middle income,Lower middle income,Lower middle income,Lower middle income,Lower middle income,Lower middle income,Lower middle income,Lower middle income,Lower middle income,Lower middle income,Lower middle income
pan,Panama,Upper middle income,Lower middle income,Lower middle income,Lower middle income,Lower middle income,Lower middle income,Lower middle income,Lower middle income,Lower middle income,Lower middle income,Lower middle income,Upper middle income,Upper middle income,Upper middle income,Upper middle income,Upper middle income,Upper middle income,Upper middle income,Upper middle income,Upper middle income,Upper middle income,Upper middle income,Upper middle income,Upper middle income,Upper middle income,Upper middle income,Upper middle income,Upper middle income,Upper middle income,Upper middle income,High income,High income,High income,Upper middle income,High income,High income,High income,High income
per,Peru,Lower middle income,Lower middle income,Lower middle income,Lower middle income,Lower middle income,Lower middle income,Lower middle income,Lower middle income,Lower middle income,Lower middle income,Lower middle income,Lower middle income,Lower middle income,Lower middle income,Lower middle income,Lower middle income,Lower middle income,Lower middle income,Lower middle income,Lower middle income,Lower middle income,Upper middle income,Upper middle income,Upper middle income,Upper middle income,Upper middle income,Upper middle income,Upper middle income,Upper middle income,Upper middle income,Upper middle income,Upper middle income,Upper middle income,Upper middle income,Upper middle income,Upper middle income,Upper middle income,Upper middle income
phl,Philippines,Lower middle income,Lower middle income,Lower middle income,Lower middle income,Lower middle income,Lower middle income,Lower middle income,Lower middle income,Lower middle income,Lower middle income,Lower middle income,Lower middle income,Lower middle income,Lower middle income,Lower middle income,Lower middle income,Lower middle income,Lower middle income,Lower middle income,Lower middle income,Lower middle income,Lower middle income,Lower middle income,Lower middle income,Lower middle income,Lower middle income,Lower middle income,Lower middle income,Lower middle income,Lower middle income,Lower middle income,Lower middle income,Lower middle income,Lower middle income,Lower middle income,Lower middle income,Lower middle income,Lower middle income
plw,Palau,Upper middle income,Upper middle income,Upper middle income,Upper middle income,Upper middle income,Upper middle income,Upper middle income,Upper middle income,Upper middle income,Upper middle income,Upper middle income,Upper middle income,Upper middle income,Upper middle income,Upper middle income,Upper middle income,Upper middle income,Upper middle income,Upper middle income,Upper middle income,Upper middle income,Upper middle income,Upper middle income,Upper middle income,Upper middle income,Upper middle income,Upper middle income,Upper middle income,Upper middle income,High income,High income,High income,High income,High income,Upper middle income,Upper middle income,High income,High income
png,Papua New Guinea,Lower middle income,Lower middle income,Lower middle income,Lower middle income,Lower middle income,Lower middle income,Lower middle income,Lower middle income,Lower middle income,Lower middle income,Lower middle income,Lower middle income,Lower middle income,Lower middle income,Low income,Low income,Low income,Low income,Low income,Low income,Low income,Lower middle income,Lower middle income,Lower middle income,Lower middle income,Lower middle income,Lower middle income,Lower middle income,Lower middle income,Lower middle income,Lower middle income,Lower middle income,Lower middle income,Lower middle income,Lower middle income,Lower middle income,Lower middle income,Lower middle income
pol,Poland,Lower middle income,Lower middle income,Lower middle income,Lower middle income,Lower middle income,Lower middle income,Lower middle income,Lower middle income,Lower middle income,Upper middle income,Upper middle income,Upper middle income,Upper middle income,Upper middle income,Upper middle income,Upper middle income,Upper middle income,Upper middle income,Upper middle income,Upper middle income,Upper middle income,Upper middle income,High income,High income,High income,High income,High income,High income,High income,High income,High income,High income,High income,High income,High income,High income,High income,High income
prk,North Korea,Lower middle income,Lower middle income,Lower middle income,Lower middle income,Lower middle income,Lower middle income,Lower middle income,Lower middle income,Lower middle income,Lower middle income,Lower middle income,Low income,Low income,Low income,Low income,Low income,Low income,Low income,Low income,Low income,Low income,Low income,Low income,Low income,Low income,Low income,Low income,Low income,Low income,Low income,Low income,Low income,Low income,Low income,Low income,Low income,Low income,Low income
prt,Portugal,Upper middle income,Upper middle income,Upper middle income,Upper middle income,Upper middle income,Upper middle income,Upper middle income,High income,High income,High income,High income,High income,High income,High income,High income,High income,High income,High income,High income,High income,High income,High income,High income,High income,High income,High income,High income,High income,High income,High income,High income,High income,High income,High income,High income,High income,High income,High income
pry,Paraguay,Lower middle income,Lower middle income,Lower middle income,Lower middle income,Lower middle income,Lower middle income,Lower middle income,Lower middle income,Lower middle income,Lower middle income,Lower middle income,Lower middle income,Lower middle income,Lower middle income,Lower middle income,Lower middle income,Lower middle income,Lower middle income,Lower middle income,Lower middle income,Lower middle income,Lower middle income,Lower middle income,Lower middle income,Lower middle income,Lower middle income,Lower middle income,Upper middle income,Upper middle income,Upper middle income,Upper middle income,Upper middle income,Upper middle income,Upper middle income,Upper middle income,Upper middle income,Upper middle income,Upper middle income
pse,Palestine,Lower middle income,Lower middle income,Lower middle income,Lower middle income,Lower middle income,Lower middle income,Lower middle income,Lower middle income,Lower middle income,Lower middle income,Lower middle income,Lower middle income,Lower middle income,Lower middle income,Lower middle income,Lower middle income,Lower middle income,Lower middle income,Lower middle income,Lower middle income,Lower middle income,Lower middle income,Lower middle income,Lower middle income,Lower middle income,Lower middle income,Lower middle income,Lower middle income,Lower middle income,Lower middle income,Lower middle income,Lower middle income,Lower middle income,Lower middle income,Lower middle income,Upper middle income,Lower middle income,Lower middle income
qat,Qatar,High income,High income,High income,High income,High income,High income,High income,High income,High income,High income,High income,High income,High income,High income,High income,High income,High income,High income,High income,High income,High income,High income,High income,High income,High income,High income,High income,High income,High income,High income,High income,High income,High income,High income,High income,High income,High income,High income
rou,Romania,Upper middle income,Upper middle income,Upper middle income,Lower middle income,Lower middle income,Lower middle income,Lower middle income,Lower middle income,Lower middle income,Lower middle income,Lower middle income,Lower middle income,Lower middle income,Lower middle income,Lower middle income,Lower middle income,Lower middle income,Lower middle income,Upper middle income,Upper middle income,Upper middle income,Upper middle income,Upper middle income,Upper middle income,Upper middle income,Upper middle income,Upper middle income,Upper middle income,Upper middle income,Upper middle income,Upper middle income,Upper middle income,High income,Upper middle income,High income,High income,High income,High income
rus,Russia,Upper middle income,Upper middle income,Upper middle income,Upper middle income,Upper middle income,Lower middle income,Lower middle income,Lower middle income,Lower middle income,Lower middle income,Lower middle income,Lower middle income,Lower middle income,Lower middle income,Lower middle income,Lower middle income,Lower middle income,Upper middle income,Upper middle income,Upper middle income,Upper middle income,Upper middle income,Upper middle income,Upper middle income,Upper middle income,High income,High income,High income,Upper middle income,Upper middle income,Upper middle income,Upper middle income,Upper middle income,Upper middle income,Upper middle income,Upper middle income,High income,High income
rwa,Rwanda,Low income,Low income,Low income,Low income,Low income,Low income,Low income,Low income,Low income,Low income,Low income,Low income,Low income,Low income,Low income,Low income,Low income,Low income,Low income,Low income,Low income,Low income,Low income,Low income,Low income,Low income,Low income,Low income,Low income,Low income,Low income,Low income,Low income,Low income,Low income,Low income,Low income,Low income
sau,Saudi Arabia,High income,High income,High income,Upper middle income,Upper middle income,Upper middle income,Upper middle income,Upper middle income,Upper middle income,Upper middle income,Upper middle income,Upper middle income,Upper middle income,Upper middle income,Upper middle income,Upper middle income,Upper middle income,High income,High income,High income,High income,High income,High income,High income,High income,High income,High income,High income,High income,High income,High income,High income,High income,High income,High income,High income,High income,High income
sdn,Sudan,Low income,Low income,Low income,Low income,Low income,Low income,Low income,Low income,Low income,Low income,Low income,Low income,Low income,Low income,Low income,Low income,Low income,Low income,Low income,Low income,Lower middle income,Lower middle income,Lower middle income,Lower middle income,Lower middle income,Lower middle income,Lower middle income,Lower middle income,Lower middle income,Lower middle income,Lower middle income,Lower middle income,Low income,Low income,Low income,Low income,Low income,Low income
sen,Senegal,Lower middle income,Lower middle income,Lower middle income,Lower middle income,Lower middle income,Lower middle income,Lower middle income,Low income,Low income,Low income,Low income,Low income,Low income,Low income,Low income,Low income,Low income,Low income,Low income,Low income,Low income,Low income,Lower middle income,Lower middle income,Lower middle income,Lower middle income,Lower middle income,Lower middle income,Low income,Low income,Low income,Lower middle income,Lower middle income,Lower middle income,Lower middle income,Lower middle income,Lower middle income,Lower middle income
sgp,Singapore,High income,High income,High income,High income,High income,High income,High income,High income,High income,High income,High income,High income,High income,High income,High income,High income,High income,High income,High income,High income,High income,High income,High income,High income,High income,High income,High income,High income,High income,High income,High income,High income,High income,High income,High income,High income,High income,High income
slb,Solomon Islands,Low income,Lower middle income,Low income,Low income,Low income,Lower middle income,Lower middle income,Lower middle income,Lower middle income,Lower middle income,Lower middle income,Low income,Low income,Low income,Low income,Low income,Low income,Low income,Low income,Low income,Low income,Lower middle income,Low income,Lower middle income,Lower middle income,Lower middle income,Lower middle income,Lower middle income,Lower middle income,Lower middle income,Lower middle income,Lower middle income,Lower middle income,Lower middle income,Lower middle income,Lower middle income,Lower middle income,Lower middle income
sle,Sierra Leone,Low income,Low income,Low income,Low income,Low income,Low income,Low income,Low income,Low income,Low income,Low income,Low income,Low income,Low income,Low income,Low income,Low income,Low income,Low income,Low income,Low income,Low income,Low income,Low income,Low income,Low income,Low income,Low income,Low income,Low income,Low income,Low income,Low income,Low income,Low income,Low income,Low income,Low income
slv,El Salvador,Lower middle income,Lower middle income,Lower middle income,Lower middle income,Lower middle income,Lower middle income,Lower middle income,Lower middle income,Lower middle income,Lower middle income,Lower middle income,Lower middle income,Lower middle income,Lower middle income,Lower middle income,Lower middle income,Lower middle income,Lower middle income,Lower middle income,Lower middle income,Lower middle income,Lower middle income,Lower middle income,Lower middle income,Lower middle income,Lower middle income,Lower middle income,Lower middle income,Lower middle income,Lower middle income,Lower middle income,Lower middle income,Lower middle income,Lower middle income,Lower middle income,Upper middle income,Upper middle income,Upper middle income
smr,San Marino,High income,High income,High income,High income,High income,High income,High income,High income,High income,High income,High income,High income,High income,High income,High income,High income,High income,High income,High income,High income,High income,High income,High income,High income,High income,High income,High income,High income,High income,High income,High income,High income,High income,High income,High income,High income,High income,High income
som,Somalia,Low income,Low income,Low income,Low income,Low income,Low income,Low income,Low income,Low income,Low income,Low income,Low income,Low income,Low income,Low income,Low income,Low income,Low income,Low income,Low income,Low income,Low income,Low income,Low income,Low income,Low income,Low income,Low income,Low income,Low income,Low income,Low income,Low income,Low income,Low income,Low income,Low income,Low income
srb,Serbia,Upper middle income,Upper middle income,Upper middle income,Upper middle income,Upper middle income,Upper middle income,Upper middle income,Upper middle income,Upper middle income,Upper middle income,Upper middle income,Upper middle income,Upper middle income,Upper middle income,Upper middle income,Upper middle income,Upper middle income,Upper middle income,Upper middle income,Upper middle income,Upper middle income,Upper middle income,Upper middle income,Upper middle income,Upper middle income,Upper middle income,Upper middle income,Upper middle income,Upper middle income,Upper middle income,Upper middle income,Upper middle income,Upper middle income,Upper middle income,Upper middle income,Upper middle income,Upper middle income,Upper middle income
ssd,South Sudan,Lower middle income,Lower middle income,Lower middle income,Lower middle income,Lower middle income,Lower middle income,Lower middle income,Lower middle income,Lower middle income,Lower middle income,Lower middle income,Lower middle income,Lower middle income,Lower middle income,Lower middle income,Lower middle income,Lower middle income,Lower middle income,Lower middle income,Lower middle income,Lower middle income,Lower middle income,Lower middle income,Lower middle income,Lower middle income,Low income,Lower middle income,Low income,Low income,Low income,Low income,Low income,Low income,Low income,Low income,Low income,Low income,Low income
stp,Sao Tome and Principe,Low income,Low income,Low income,Low income,Low income,Low income,Low income,Low income,Low income,Low income,Low income,Low income,Low income,Low income,Low income,Low income,Low income,Low income,Low income,Low income,Low income,Lower middle income,Lower middle income,Lower middle income,Lower middle income,Lower middle income,Lower middle income,Lower middle income,Lower middle income,Lower middle income,Lower middle income,Lower middle income,Lower middle income,Lower middle income,Lower middle income,Lower middle income,Lower middle income,Lower middle income
sur,Suriname,Upper middle income,Upper middle income,Upper middle income,Upper middle income,Upper middle income,Upper middle income,Lower middle income,Lower middle income,Lower middle income,Lower middle income,Lower middle income,Lower middle income,Lower middle income,Lower middle income,Lower middle income,Lower middle income,Lower middle income,Lower middle income,Lower middle income,Lower middle income,Upper middle income,Upper middle income,Upper middle income,Upper middle income,Upper middle income,Upper middle income,Upper middle income,Upper middle income,Upper middle income,Upper middle income,Upper middle income,Upper middle income,Upper middle income,Upper middle income,Upper middle income,Upper middle income,Upper middle income,Upper middle income
svk,Slovak Republic,Lower middle income,Lower middle income,Lower middle income,Lower middle income,Lower middle income,Lower middle income,Lower middle income,Lower middle income,Lower middle income,Upper middle income,Upper middle income,Upper middle income,Upper middle income,Upper middle income,Upper middle income,Upper middle income,Upper middle income,Upper middle income,Upper middle income,Upper middle income,High income,High income,High income,High income,High income,High income,High income,High income,High income,High income,High income,High income,High income,High income,High income,High income,High income,High income
svn,Slovenia,Upper middle income,Upper middle income,Upper middle income,Upper middle income,Upper middle income,Upper middle income,Upper middle income,Upper middle income,Upper middle income,Upper middle income,High income,High income,High income,High income,High income,High income,High income,High income,High income,High income,High income,High income,High income,High income,High income,High income,High income,High income,High income,High income,High income,High income,High income,High income,High income,High income,High income,High income
swe,Sweden,High income,High income,High income,High income,High income,High income,High income,High income,High income,High income,High income,High income,High income,High income,High income,High income,High income,High income,High income,High income,High income,High income,High income,High income,High income,High income,High income,High income,High income,High income,High income,High income,High income,High income,High income,High income,High income,High income
swz,Eswatini,Lower middle income,Lower middle income,Lower middle income,Lower middle income,Lower middle income,Lower middle income,Lower middle income,Lower middle income,Lower middle income,Lower middle income,Lower middle income,Lower middle income,Lower middle income,Lower middle income,Lower middle income,Lower middle income,Lower middle income,Lower middle income,Lower middle income,Lower middle income,Lower middle income,Lower middle income,Lower middle income,Lower middle income,Lower middle income,Lower middle income,Lower middle income,Lower middle income,Lower middle income,Lower middle income,Lower middle income,Lower middle income,Lower middle income,Lower middle income,Lower middle income,Lower middle income,Lower middle income,Lower middle income
syc,Seychelles,Upper middle income,Upper middle income,Upper middle income,Upper middle income,Upper middle income,Upper middle income,Upper middle income,Upper middle income,Upper middle income,Upper middle income,Upper middle income,Upper middle income,Upper middle income,Upper middle income,Upper middle income,Upper middle income,Upper middle income,Upper middle income,Upper middle income,Upper middle income,Upper middle income,Upper middle income,Upper middle income,Upper middle income,Upper middle income,Upper middle income,Upper middle income,High income,High income,High income,High income,High income,High income,High income,High income,High income,High income,High income
syr,Syria,Lower middle income,Lower middle income,Lower middle income,Lower middle income,Lower middle income,Lower middle income,Lower middle income,Lower middle income,Lower middle income,Lower middle income,Lower middle income,Lower middle income,Lower middle income,Lower middle income,Lower middle income,Lower middle income,Lower middle income,Lower middle income,Lower middle income,Lower middle income,Lower middle income,Lower middle income,Lower middle income,Lower middle income,Lower middle income,Lower middle income,Lower middle income,Lower middle income,Lower middle income,Lower middle income,Low income,Low income,Low income,Low income,Low income,Low income,Low income,Low income
tcd,Chad,Low income,Low income,Low income,Low income,Low income,Low income,Low income,Low income,Low income,Low income,Low income,Low income,Low income,Low income,Low income,Low income,Low income,Low income,Low income,Low income,Low income,Low income,Low income,Low income,Low income,Low income,Low income,Low income,Low income,Low income,Low income,Low income,Low income,Low income,Low income,Low income,Low income,Low income
tgo,Togo,Low income,Low income,Low income,Low income,Low income,Low income,Low income,Low income,Low income,Low income,Low income,Low income,Low income,Low income,Low income,Low income,Low income,Low income,Low income,Low income,Low income,Low income,Low income,Low income,Low income,Low income,Low income,Low income,Low income,Low income,Low income,Low income,Low income,Low income,Low income,Low income,Low income,Low income
tha,Thailand,Lower middle income,Lower middle income,Lower middle income,Lower middle income,Lower middle income,Lower middle income,Lower middle income,Lower middle income,Lower middle income,Lower middle income,Lower middle income,Lower middle income,Lower middle income,Lower middle income,Lower middle income,Lower middle income,Lower middle income,Lower middle income,Lower middle income,Lower middle income,Lower middle income,Lower middle income,Lower middle income,Upper middle income,Upper middle income,Upper middle income,Upper middle income,Upper middle income,Upper middle income,Upper middle income,Upper middle income,Upper middle income,Upper middle income,Upper middle income,Upper middle income,Upper middle income,Upper middle income,Upper middle income
tjk,Tajikistan,Lower middle income,Lower middle income,Lower middle income,Lower middle income,Lower middle income,Low income,Low income,Low income,Low income,Low income,Low income,Low income,Low income,Low income,Low income,Low income,Low income,Low income,Low income,Low income,Low income,Low income,Low income,Low income,Low income,Low income,Low income,Lower middle income,Lower middle income,Lower middle income,Low income,Low income,Low income,Lower middle income,Lower middle income,Lower middle income,Lower middle income,Lower middle income
tkm,Turkmenistan,Lower middle income,Lower middle income,Lower middle income,Lower middle income,Lower middle income,Lower middle income,Lower middle income,Lower middle income,Lower middle income,Lower middle income,Low income,Low income,Low income,Lower middle income,Lower middle income,Lower middle income,Lower middle income,Lower middle income,Lower middle income,Lower middle income,Lower middle income,Lower middle income,Lower middle income,Lower middle income,Upper middle income,Upper middle income,Upper middle income,Upper middle income,Upper middle income,Upper middle income,Upper middle income,Upper middle income,Upper middle income,Upper middle income,Upper middle income,Upper middle income,Upper middle income,Upper middle income
tls,Timor-Leste,Low income,Low income,Low income,Low income,Low income,Low income,Low income,Low income,Low income,Low income,Low income,Low income,Low income,Low income,Low income,Low income,Low income,Low income,Low income,Low income,Lower middle income,Lower middle income,Lower middle income,Lower middle income,Lower middle income,Lower middle income,Lower middle income,Lower middle income,Lower middle income,Lower middle income,Lower middle income,Lower middle income,Lower middle income,Lower middle income,Lower middle income,Lower middle income,Lower middle income,Lower middle income
ton,Tonga,Lower middle income,Lower middle income,Lower middle income,Lower middle income,Lower middle income,Lower middle income,Lower middle income,Lower middle income,Lower middle income,Lower middle income,Lower middle income,Lower middle income,Lower middle income,Lower middle income,Lower middle income,Lower middle income,Lower middle income,Lower middle income,Lower middle income,Lower middle income,Lower middle income,Lower middle income,Lower middle income,Lower middle income,Lower middle income,Upper middle income,Upper middle income,Upper middle income,Lower middle income,Upper middle income,Upper middle income,Upper middle income,Upper middle income,Upper middle income,Upper middle income,Upper middle income,Upper middle income,Upper middle income
tto,Trinidad and Tobago,Upper middle income,Upper middle income,Upper middle income,Upper middle income,Upper middle income,Upper middle income,Upper middle income,Upper middle income,Upper middle income,Upper middle income,Upper middle income,Upper middle income,Upper middle income,Upper middle income,Upper middle income,Upper middle income,Upper middle income,Upper middle income,Upper middle income,High income,High income,High income,High income,High income,High income,High income,High income,High income,High income,High income,High income,High income,High income,High income,High income,High income,High income,High income
tun,Tunisia,Lower middle income,Lower middle income,Lower middle income,Lower middle income,Lower middle income,Lower middle income,Lower middle income,Lower middle income,Lower middle income,Lower middle income,Lower middle income,Lower middle income,Lower middle income,Lower middle income,Lower middle income,Lower middle income,Lower middle income,Lower middle income,Lower middle income,Lower middle income,Lower middle income,Lower middle income,Lower middle income,Upper middle income,Upper middle income,Upper middle income,Upper middle income,Upper middle income,Lower middle income,Lower middle income,Lower middle income,Lower middle income,Lower middle income,Lower middle income,Lower middle income,Lower middle income,Lower middle income,Lower middle income
tur,Turkey,Lower middle income,Lower middle income,Lower middle income,Lower middle income,Lower middle income,Lower middle income,Lower middle income,Lower middle income,Lower middle income,Lower middle income,Upper middle income,Upper middle income,Lower middle income,Upper middle income,Lower middle income,Lower middle income,Lower middle income,Upper middle income,Upper middle income,Upper middle income,Upper middle income,Upper middle income,Upper middle income,Upper middle income,Upper middle income,Upper middle income,Upper middle income,Upper middle income,Upper middle income,Upper middle income,Upper middle income,Upper middle income,Upper middle income,Upper middle income,Upper middle income,Upper middle income,Upper middle income,Upper middle income
tuv,Tuvalu,Lower middle income,Lower middle income,Lower middle income,Lower middle income,Lower middle income,Lower middle income,Lower middle income,Lower middle income,Lower middle income,Lower middle income,Lower middle income,Lower middle income,Lower middle income,Lower middle income,Lower middle income,Lower middle income,Lower middle income,Lower middle income,Lower middle income,Lower middle income,Lower middle income,Lower middle income,Lower middle income,Lower middle income,Upper middle income,Upper middle income,Upper middle income,Upper middle income,Upper middle income,Upper middle income,Upper middle income,Upper middle income,Upper middle income,Upper middle income,Upper middle income,Upper middle income,Upper middle income,Upper middle income
tza,Tanzania,Low income,Low income,Low income,Low income,Low income,Low income,Low income,Low income,Low income,Low income,Low income,Low income,Low income,Low income,Low income,Low income,Low income,Low income,Low income,Low income,Low income,Low income,Low income,Low income,Low income,Low income,Low income,Low income,Low income,Low income,Low income,Low income,Lower middle income,Lower middle income,Lower middle income,Lower middle income,Lower middle income,Lower middle income
uga,Uganda,Low income,Low income,Low income,Low income,Low income,Low income,Low income,Low income,Low income,Low income,Low income,Low income,Low income,Low income,Low income,Low income,Low income,Low income,Low income,Low income,Low income,Low income,Low income,Low income,Low income,Low income,Low income,Low income,Low income,Low income,Low income,Low income,Low income,Low income,Low income,Low income,Low income,Low income
ukr,Ukraine,Lower middle income,Lower middle income,Lower middle income,Lower middle income,Lower middle income,Lower middle income,Lower middle income,Lower middle income,Lower middle income,Lower middle income,Lower middle income,Lower middle income,Low income,Low income,Low income,Lower middle income,Lower middle income,Lower middle income,Lower middle income,Lower middle income,Lower middle income,Lower middle income,Lower middle income,Lower middle income,Lower middle income,Lower middle income,Lower middle income,Lower middle income,Lower middle income,Lower middle income,Lower middle income,Lower middle income,Lower middle income,Lower middle income,Lower middle income,Lower middle income,Upper middle income,Upper middle income
ury,Uruguay,Upper middle income,Upper middle income,Upper middle income,Upper middle income,Upper middle income,Upper middle income,Upper middle income,Upper middle income,Upper middle income,Upper middle income,Upper middle income,Upper middle income,Upper middle income,Upper middle income,Upper middle income,Upper middle income,Upper middle income,Upper middle income,Upper middle income,Upper middle income,Upper middle income,Upper middle income,Upper middle income,Upper middle income,Upper middle income,High income,High income,High income,High income,High income,High income,High income,High income,High income,High income,High income,High income,High income
usa,USA,High income,High income,High income,High income,High income,High income,High income,High income,High income,High income,High income,High income,High income,High income,High income,High income,High income,High income,High income,High income,High income,High income,High income,High income,High income,High income,High income,High income,High income,High income,High income,High income,High income,High income,High income,High income,High income,High income
uzb,Uzbekistan,Lower middle income,Lower middle income,Lower middle income,Lower middle income,Lower middle income,Lower middle income,Lower middle income,Lower middle income,Lower middle income,Lower middle income,Lower middle income,Lower middle income,Low income,Low income,Low income,Low income,Low income,Low income,Low income,Low income,Low income,Low income,Lower middle income,Lower middle income,Lower middle income,Lower middle income,Lower middle income,Lower middle income,Lower middle income,Lower middle income,Lower middle income,Lower middle income,Lower middle income,Lower middle income,Lower middle income,Lower middle income,Lower middle income,Lower middle income
vct,St. Vincent and the Grenadines,Lower middle income,Lower middle income,Lower middle income,Lower middle income,Lower middle income,Lower middle income,Lower middle income,Lower middle income,Lower middle income,Lower middle income,Lower middle income,Lower middle income,Lower middle income,Lower middle income,Lower middle income,Lower middle income,Upper middle income,Upper middle income,Upper middle income,Upper middle income,Upper middle income,Upper middle income,Upper middle income,Upper middle income,Upper middle income,Upper middle income,Upper middle income,Upper middle income,Upper middle income,Upper middle income,Upper middle income,Upper middle income,Upper middle income,Upper middle income,Upper middle income,Upper middle income,Upper middle income,Upper middle income
ven,Venezuela,Upper middle income,Upper middle income,Upper middle income,Upper middle income,Upper middle income,Upper middle income,Upper middle income,Lower middle income,Lower middle income,Lower middle income,Upper middle income,Upper middle income,Upper middle income,Upper middle income,Upper middle income,Upper middle income,Upper middle income,Upper middle income,Upper middle income,Upper middle income,Upper middle income,Upper middle income,Upper middle income,Upper middle income,Upper middle income,Upper middle income,Upper middle income,High income,Upper middle income,Upper middle income,Upper middle income,Upper middle income,Upper middle income,Lower middle income,Lower middle income,Lower middle income,Lower middle income,Lower middle income
vnm,Vietnam,Low income,Low income,Low income,Low income,Low income,Low income,Low income,Low income,Low income,Low income,Low income,Low income,Low income,Low income,Low income,Low income,Low income,Low income,Low income,Low income,Low income,Low income,Lower middle income,Lower middle income,Lower middle income,Lower middle income,Lower middle income,Lower middle income,Lower middle income,Lower middle income,Lower middle income,Lower middle income,Lower middle income,Lower middle income,Lower middle income,Lower middle income,Lower middle income,Lower middle income
vut,Vanuatu,Lower middle income,Lower middle income,Lower middle income,Lower middle income,Lower middle income,Lower middle income,Lower middle income,Lower middle income,Lower middle income,Lower middle income,Lower middle income,Lower middle income,Lower middle income,Lower middle income,Lower middle income,Lower middle income,Lower middle income,Lower middle income,Lower middle income,Lower middle income,Lower middle income,Lower middle income,Lower middle income,Lower middle income,Lower middle income,Lower middle income,Lower middle income,Lower middle income,Lower middle income,Lower middle income,Lower middle income,Lower middle income,Lower middle income,Lower middle income,Lower middle income,Lower middle income,Lower middle income,Lower middle income
wsm,Samoa,Lower middle income,Lower middle income,Lower middle income,Lower middle income,Lower middle income,Lower middle income,Lower middle income,Lower middle income,Lower middle income,Lower middle income,Lower middle income,Lower middle income,Lower middle income,Lower middle income,Lower middle income,Lower middle income,Lower middle income,Lower middle income,Lower middle income,Lower middle income,Lower middle income,Lower middle income,Lower middle income,Lower middle income,Lower middle income,Lower middle income,Lower middle income,Lower middle income,Lower middle income,Upper middle income,Upper middle income,Upper middle income,Upper middle income,Lower middle income,Lower middle income,Lower middle income,Lower middle income,Upper middle income
yem,Yemen,Lower middle income,Lower middle income,Lower middle income,Lower middle income,Low income,Low income,Low income,Low income,Low income,Low income,Low income,Low income,Low income,Low income,Low income,Low income,Low income,Low income,Low income,Low income,Low income,Low income,Lower middle income,Lower middle income,Lower middle income,Lower middle income,Lower middle income,Lower middle income,Lower middle income,Lower middle income,Low income,Low income,Low income,Low income,Low income,Low income,Low income,Low income
zaf,South Africa,Lower middle income,Upper middle income,Upper middle income,Upper middle income,Upper middle income,Upper middle income,Upper middle income,Upper middle income,Upper middle income,Upper middle income,Upper middle income,Lower middle income,Upper middle income,Upper middle income,Lower middle income,Lower middle income,Lower middle income,Upper middle income,Upper middle income,Upper middle income,Upper middle income,Upper middle income,Upper middle income,Upper middle income,Upper middle income,Upper middle income,Upper middle income,Upper middle income,Upper middle income,Upper middle income,Upper middle income,Upper middle income,Upper middle income,Upper middle income,Upper middle income,Upper middle income,Upper middle income,Upper middle income
zmb,Zambia,Low income,Low income,Low income,Low income,Low income,Low income,Low income,Low income,Low income,Low income,Low income,Low income,Low income,Low income,Low income,Low income,Low income,Low income,Low income,Low income,Low income,Low income,Low income,Lower middle income,Lower middle income,Lower middle income,Lower middle income,Lower middle income,Lower middle income,Lower middle income,Lower middle income,Lower middle income,Lower middle income,Lower middle income,Low income,Lower middle income,Lower middle income,Lower middle income
zwe,Zimbabwe,Lower middle income,Lower middle income,Lower middle income,Lower middle income,Low income,Low income,Low income,Low income,Low income,Low income,Low income,Low income,Low income,Low income,Low income,Low income,Low income,Low income,Low income,Low income,Low income,Low income,Low income,Low income,Low income,Low income,Low income,Low income,Low income,Low income,Low income,Lower middle income,Lower middle income,Lower middle income,Lower middle income,Lower middle income,Lower middle income,Lower middle income
